nombre,ultima_actualizacion,dificultad,pista,PD,AMB,nGAIN,CONS,LEC,CLAMP,Q
Isaac Newton,,5,"Escribió una lista de sus pecados, incluyendo amenazar a sus padres con quemar su casa.",0.0231911763548851,0.6435131430625916,0.18750247473361284,0.7493928074836731,0.9504521994749817,1.0,0.3228117995996557
Isaac Newton,,4,"Su abuelo lo desheredó, a pesar de vivir en la misma casa.",0.01741364598274231,0.7739086151123047,0.20885144138491646,0.7781797051429749,0.9885697968735292,1.0,0.2989780016357495
Isaac Newton,,3,Desarrolló un carro de cuatro ruedas impulsado por una manivela que él accionaba desde su interior.,0.18164676427841187,0.5237367749214172,0.3685791207296217,0.8140645623207092,0.7861713873431271,1.0,0.42981744755760304
Isaac Newton,,3,"Escribió su obra más importante sobre óptica, Opticks, en 1704.",-0.002683475613594055,0.6480165719985962,0.1638742698952094,0.7672981023788452,0.9348686476851041,1.0,0.309545632716322
Isaac Newton,,2,"Nació en Woolsthorpe-by-Colsterworth, Lincolnshire, en 1643.",0.12001638114452362,0.6420717239379883,0.47228686957156873,0.7557945847511292,0.12697211516506995,1.0,0.3054828271415829
Isaac Newton,,2,"Su padre murió antes de que él naciera, en octubre de 1642.",0.07133844494819641,0.5947245955467224,0.2192683822570673,0.768639087677002,0.9930359108222379,1.0,0.36588208222820934
Isaac Newton,,1,Fue un físico y matemático que desarrolló las leyes de la física y la astronomía.,0.1330512911081314,0.6055719256401062,0.6370661890256065,0.7714537978172302,0.89604197061498,1.0,0.48618291367797883
Isaac Newton,,1,Es conocido por su trabajo en la gravedad y la creación de sus Principia.,0.13260987401008606,0.5522337555885315,0.37520319781307776,0.8031429648399353,0.981481368805864,1.0,0.4411064545360187
Ludwig van Beethoven,,5,Padeció saturnismo debido a la ingesta de agua contaminada con plomo.,0.1522907167673111,0.531101644039154,0.31344687242371894,0.7732367515563965,0.813223142213901,1.0,0.40313070636518916
Ludwig van Beethoven,,4,Su muerte se atribuye a una insuficiencia hepática que desencadenó un coma hepático.,-0.03096933290362358,0.89261794090271,0.2066044586364239,0.6533373594284058,0.5125742712080189,1.0,0.16288883557002734
Ludwig van Beethoven,,3,Compuso treinta y dos sonatas para piano y nueve sinfonías.,0.41863328218460083,0.32848361134529114,0.9420000866221138,0.7665169835090637,0.9631729371884395,1.0,0.727235093085057
Ludwig van Beethoven,,3,Su ópera Fidelio es una de sus obras más destacadas.,0.28817296028137207,0.4217802584171295,0.5681541041870888,0.7863115072250366,0.9937194664322172,1.0,0.5685513858753858
Ludwig van Beethoven,,2,Fue el último gran representante del clasicismo vienés.,0.2688925862312317,0.42492756247520447,0.5067723176770919,0.7896400690078735,0.7970568312888585,1.0,0.5163364952425996
Ludwig van Beethoven,,2,Su vida personal fue problemática debido a su creciente sordera.,0.052336618304252625,0.5403550267219543,0.07573368467623666,0.6921151280403137,0.7034956909518114,1.0,0.28042254538607014
Ludwig van Beethoven,,1,Fue un compositor y pianista alemán que influyó en la música del siglo XIX.,0.3596370816230774,0.41223809123039246,0.799831939237617,0.7957567572593689,0.9718516460241235,1.0,0.6533468491007002
Ludwig van Beethoven,,1,Es considerado uno de los más grandes compositores de la historia.,0.32392942905426025,0.4063666760921478,0.7664962096226834,0.7633558511734009,0.9283755604861675,1.0,0.6265844755003414
Galileo Galilei,,5,Descubrió la ley de la isocronismo de los péndulos como estudiante.,0.21660907566547394,0.49455925822257996,0.3667730040633746,0.7889953851699829,0.9283755604861675,1.0,0.46259159265468475
Galileo Galilei,,4,Fue hijo de un músico y matemático llamado Vincenzo.,0.08794927597045898,0.6382109522819519,0.5139599567733402,0.739614725112915,0.8073164733073912,1.0,0.41235424934307024
Galileo Galilei,,3,Observó manchas en el Sol y demostró que están en su superficie.,0.15549026429653168,0.4914720952510834,0.2241092033249397,0.7803952693939209,0.9812934900456455,1.0,0.41514251260844326
Galileo Galilei,,3,Descubrió las fases de Venus y su variación de tamaño.,0.3482907712459564,0.412824809551239,0.7828329942740186,0.7294451594352722,0.9794473782301052,1.0,0.6369945037268768
Galileo Galilei,,2,Nació en Pisa cuando esta pertenecía al Gran Ducado de Toscana.,0.18702583014965057,0.5150876641273499,0.3211067561939453,0.8047841787338257,0.9283755604861675,1.0,0.4391848485724432
Galileo Galilei,,2,Fue el mayor de siete hermanos y su madre se llamaba Giulia Ammannati.,0.04790002852678299,0.6455551981925964,0.21697924822666662,0.7751451730728149,0.9768562645406681,1.0,0.3438074460433549
Galileo Galilei,,1,Fue un astrónomo y físico italiano que desafió la teoría geocéntrica.,0.3959042727947235,0.3886401653289795,0.8790178510119406,0.7126821279525757,0.8825233290156224,1.0,0.6655749832794111
Galileo Galilei,,1,Es conocido por su defensa de la teoría heliocéntrica y su uso del método científico.,0.31351783871650696,0.3967244327068329,0.6964448814821335,0.7711860537528992,0.89604197061498,1.0,0.602703925402583
Albert Einstein,,5,Publicó su teoría de la relatividad especial en 1905 mientras trabajaba en la Oficina de Patentes de Berna.,0.2956317365169525,0.40989452600479126,0.6106689957045899,0.7796486020088196,0.8638921090281606,1.0,0.5658897978491093
Albert Einstein,,4,"Se nacionalizó suizo, austriaco y estadounidense después de su origen alemán.",0.1347009837627411,0.6320663690567017,0.5198533385664827,0.7313944101333618,0.5939169545202151,1.0,0.3920729967738674
Albert Einstein,,3,Desarrolló la idea de una religión cósmica y la publicó en el New York Times en 1930.,0.16265994310379028,0.4992733299732208,0.22498717757425313,0.7616603970527649,0.9831704636643297,1.0,0.411970773498748
Albert Einstein,,3,Publicó su trabajo sobre la teoría cuántica de gases ideales en 1924.,0.11429349333047867,0.5233008861541748,0.1842289548224546,0.7381623387336731,0.9695279667353559,1.0,0.3772906710473985
Albert Einstein,,2,Abandonó Alemania en 1932 debido al ascenso del nazismo.,0.10817452520132065,0.7111506462097168,0.9401056667781843,0.7128951549530029,0.8908383654464219,1.0,0.5308814446723891
Albert Einstein,,2,Se convirtió en profesor en el Institute for Advanced Study en Estados Unidos.,0.09865137934684753,0.5401296615600586,0.18795956248304138,0.7846295237541199,0.9437225590044364,1.0,0.3733320630303961
Albert Einstein,,1,Es considerado el científico más importante del siglo XX.,0.1457589566707611,0.5287210941314697,0.24990772944221382,0.7431221008300781,0.8073164733073912,1.0,0.3780735784788087
Albert Einstein,,1,Es famoso por su teoría de la relatividad y la fórmula E=mc².,0.329256534576416,0.39445239305496216,0.7730047934463496,0.7896401286125183,0.9695279667353559,1.0,0.6432922502755773
Karl Marx,,5,"Murió con una fuerte gripe, bronquitis y pleuresía en Londres en 1883.",0.11793152242898941,0.5858135223388672,0.32024506624373456,0.6103928685188293,0.9930359108222379,1.0,0.3844300890287665
Karl Marx,,4,Se trasladó a Argel por motivos de salud en 1882.,0.002412073314189911,0.7483440637588501,0.19650086525816057,0.7674780488014221,0.9965433750463223,1.0,0.29953266347438634
Karl Marx,,3,Escribió El 18 de brumario de Luis Bonaparte en 1852.,0.05810770392417908,0.6804742217063904,0.8371171280982895,0.8065823316574097,0.9886149068701869,1.0,0.5278940108681354
Karl Marx,,3,Publicó Crítica del Programa de Gotha en 1875.,0.13479839265346527,0.566639244556427,0.3798276882305629,0.7433372735977173,0.9738650692756922,1.0,0.4284965645540614
Karl Marx,,2,Murió apátrida en 1883 y fue enterrado en el cementerio de Highgate.,0.10324232280254364,0.5991195440292358,0.2813698095235639,0.81694096326828,0.9212896628294647,1.0,0.3860581463191075
Karl Marx,,2,Se casó con Jenny von Westphalen y tuvo hijos con ella.,0.01067913044244051,1.003804326057434,0.4878111303295994,0.7300837635993958,0.9970843054680703,1.0,0.30641306934835444
Karl Marx,,1,Fue un teórico y activista del socialismo y el comunismo.,0.2736004590988159,0.5301204323768616,0.6575562528471227,0.825067937374115,0.8873546154592228,1.0,0.5498142238660744
Karl Marx,,1,"Es conocido por su obra El capital, publicada en 1867.",0.10529148578643799,0.5471939444541931,0.2521387410512018,0.7987003326416016,0.9794473782301052,1.0,0.399263903197959
Miguel Angel,,5,Quemó diseños y apuntes propios para ocultar su proceso creativo.,-0.03161978721618652,0.7996718883514404,0.19350875056188074,0.6958361864089966,0.8873546154592228,1.0,0.24930572522541797
Miguel Angel,,4,Escribió poemas sobre temas relacionados con sus trabajos artísticos.,0.04688599705696106,0.6386597752571106,0.30093332804209694,0.7515975832939148,0.36185237167693557,1.0,0.27507675998263176
Miguel Angel,,3,Creó frescos en la Capilla Paulina y la Capilla Sixtina.,-0.0258672833442688,0.7545169591903687,0.3477329004971537,0.7429739236831665,0.9631729371884395,1.0,0.3287133682649678
Miguel Angel,,3,Sus formas métricas favoritas al escribir eran los sonetos y los madrigales.,-0.05224251002073288,0.7522828578948975,0.29225918296545156,0.7733094096183777,0.8765329524347758,1.0,0.29902075057005073
Miguel Angel,,2,También fue un prolífico dibujante y autor de varias decenas de dibujos.,-0.03507886826992035,0.7404728531837463,0.6359418521204453,0.7858693599700928,0.8765329524347758,1.0,0.4109852732602849
Miguel Angel,,2,Su obra incluye entre cuarenta y cincuenta esculturas conservadas.,-0.1440822333097458,0.9166601896286011,0.2890630761069507,0.7411685585975647,0.524812934023051,1.0,0.17280166403627373
Miguel Angel,,1,Fue un artista renacentista que creó obras maestras en pintura y escultura.,-0.09402613341808319,0.7650471329689026,0.5109624870479323,0.7868553400039673,0.8765329524347758,1.0,0.35447762117072956
Miguel Angel,,1,Es famoso por esculpir el David y pintar la bóveda de la Capilla Sixtina.,-0.020965784788131714,0.7133010625839233,0.4109692807791881,0.7373390793800354,0.9574316313273806,1.0,0.35932293112581376
Pablo Picasso,,5,Compró cabezas del Cerro de los Santos en 1907 a un aventurero belga.,0.12848210334777832,0.5549210906028748,0.2644834924094325,0.7243727445602417,0.9852863089864318,1.0,0.3950140066941046
Pablo Picasso,,4,"Su bisabuelo materno era originario de la localidad de Sori en Génova, Italia.",0.08674906194210052,0.597472608089447,0.22566886338745953,0.8133003115653992,0.9135680130753615,1.0,0.364838951084983
Pablo Picasso,,3,"Pintó Dos mujeres desnudas en invierno, llevando al extremo la estilización escultórica.",0.1466783583164215,0.5102606415748596,0.20927113787832846,0.7201077938079834,0.3681875822638982,1.0,0.30228312398487495
Pablo Picasso,,3,"Retomó el Retrato de Gertrude Stein en 1906, reduciendo su rostro a una máscara ibérica.",0.013347454369068146,0.7636964321136475,0.3014031300712095,0.7595655918121338,0.9278417790281236,1.0,0.31709261110252723
Pablo Picasso,,2,"Nació en Málaga, España, en el seno de una familia burguesa en 1881.",0.16043365001678467,0.5447719097137451,0.3886991864859489,0.7332336902618408,0.9852863089864318,1.0,0.443042926333304
Pablo Picasso,,2,Fue miembro del Partido Comunista de España y del Partido Comunista Francés hasta su muerte.,0.1359710991382599,0.5836024880409241,0.4189520320950851,0.7330601215362549,0.852456608932224,1.0,0.4156265881438237
Pablo Picasso,,1,"Fue un pintor y escultor español, creador del cubismo junto con Georges Braque.",0.41681164503097534,0.3869795799255371,0.893519035020865,0.7909239530563354,0.963773901852514,1.0,0.6985288482414692
Pablo Picasso,,1,"Es considerado uno de los mayores pintores del siglo XX, autor del Guernica.",0.2642643451690674,0.46968644857406616,0.5140332674352621,0.7587484121322632,0.9437225590044364,1.0,0.5215275722836061
Charles Chaplin,,5,Fue cofundador de la compañía de distribución cinematográfica United Artists en 1919.,0.13741102814674377,0.5581647157669067,0.31030926377814855,0.7693836688995361,0.6130141761393353,1.0,0.3604852542391326
Charles Chaplin,,4,Comenzó a actuar a los 14 años debido a la internación de su madre en un hospicio psiquiátrico.,-0.006492625921964645,0.9024260640144348,0.13045538074899277,0.7688918709754944,0.960125743109485,1.0,0.22646291418389553
Charles Chaplin,,3,Dirigió y protagonizó películas habladas como Monsieur Verdoux y A King in New York.,0.07822410762310028,0.5570151805877686,0.19590861782617972,0.733471155166626,0.9051668277101853,1.0,0.3531085523628392
Charles Chaplin,,3,Escribió y compuso la música de la mayoría de sus películas.,0.08338071405887604,0.6073898673057556,0.3384735853954452,0.7163807153701782,0.9571991925925586,1.0,0.3870382518836732
Charles Chaplin,,2,Nació en Londres en 1889 y murió en Suiza en 1977.,0.09620928764343262,0.6221224069595337,0.35481037004678045,0.7241525053977966,0.9983080527567296,1.0,0.3974173353934459
Charles Chaplin,,2,Se trasladó a los Estados Unidos a los 19 años con la compañía de Fred Karno.,-0.03230700269341469,0.9606366157531738,0.6285062845703585,0.7565073370933533,0.9956229777153998,1.0,0.3567190525431918
Charles Chaplin,,1,Fue un actor cómico y cineasta inglés de la era del cine mudo.,0.29144543409347534,0.45990458130836487,0.5523465592565909,0.8011436462402344,0.9906750438274359,1.0,0.554794491163894
Charles Chaplin,,1,Es mundialmente famoso por su personaje del vagabundo con bombín y bastón.,0.02118745446205139,0.5874794125556946,0.1467088649472258,0.8326848149299622,0.8765329524347758,1.0,0.3283889898519352
Winston Churchill,,5,Fue un prolífico pintor y ganador del Premio Nobel de Literatura en 1953.,0.010691151022911072,0.714883029460907,0.434245494229295,0.7723279595375061,0.9437225590044364,1.0,0.3753545563570867
Winston Churchill,,4,Se unió al ejército británico en 1895 y vio acción en la India británica.,0.28650712966918945,0.44118577241897583,0.5461562082165431,0.7452281713485718,0.9878578644227269,1.0,0.5487554545882223
Winston Churchill,,3,Fue presidente de la Junta de Comercio y secretario del Interior en el gobierno liberal.,0.19163410365581512,0.5783554911613464,0.5910916042158597,0.7415981292724609,0.9278417790281236,1.0,0.492563657283882
Winston Churchill,,3,Concibió y dirigió la desastrosa campaña de Galípoli durante la Primera Guerra Mundial.,0.10412400960922241,0.5767093896865845,0.2989876048270041,0.7861586809158325,0.5125742712080189,1.0,0.3323182107726642
Winston Churchill,,2,Nació en Oxfordshire en una familia rica y aristocrática en 1874.,0.16514001786708832,0.5539752840995789,0.36108038888859234,0.7707350850105286,0.813223142213901,1.0,0.41275327803448286
Winston Churchill,,2,Se desempeñó como primer ministro del Reino Unido en dos ocasiones distintas.,0.3606645166873932,0.44289714097976685,0.7559384721952139,0.7351477742195129,0.9212896628294647,1.0,0.6145109242199238
Winston Churchill,,1,Fue un destacado líder político y militar durante la Segunda Guerra Mundial.,0.2173110395669937,0.5175033211708069,0.4127094460340693,0.7570960521697998,0.7231218051243897,1.0,0.43405672247638977
Winston Churchill,,1,Es famoso por su liderazgo en el Reino Unido enfrentando a la Alemania nazi.,0.2547883987426758,0.5771751403808594,0.8771712819546054,0.7093353271484375,0.9574316313273806,1.0,0.5909715719524962
Vladimir Putin,,5,Trabajó en la villa de la KGB en Alemania Oriental durante su carrera en la inteligencia exterior.,0.2871253490447998,0.4811917245388031,0.5201200879121687,0.7484478950500488,0.9091203331908656,1.0,0.5177388175274551
Vladimir Putin,,4,Fue uno de los pocos en su clase que no eran miembros de la organización de Jóvenes Pioneros.,-0.051649436354637146,0.9582495093345642,0.12272353290311645,0.7549422979354858,0.9849517853276725,1.0,0.19999644719027315
Vladimir Putin,,3,Supervisó la reforma militar y la reforma policial como primer ministro bajo Medvédev.,0.09891020506620407,0.6279945969581604,0.3718853345028245,0.6850988864898682,0.3986170425281061,1.0,0.30550665013922007
Vladimir Putin,,3,"Dirigió a Rusia durante la segunda guerra chechena, restaurando el control federal.",0.3496250510215759,0.4935944676399231,0.6674639962127165,0.6600502729415894,0.6130141761393353,1.0,0.5130455331580597
Vladimir Putin,,2,Su madre era trabajadora de una fábrica y su padre era un recluta en la Marina soviética.,0.37609249353408813,0.5296351313591003,0.7930339333133603,0.749825119972229,0.9343726218668019,1.0,0.6068678154701115
Vladimir Putin,,2,"Nació en Leningrado, actual San Petersburgo, en octubre de 1952.",0.29654738306999207,0.5101534724235535,0.5940648667043322,0.8081197738647461,0.9631729371884395,1.0,0.5501768179474872
Vladimir Putin,,1,Es el actual presidente de la Federación de Rusia.,0.5287614464759827,0.4078347086906433,0.9511128352029081,0.7767245173454285,0.9687099980253925,1.0,0.7305509179655443
Vladimir Putin,,1,Fue un oficial de inteligencia exterior de la KGB antes de comenzar su carrera política.,0.3026808500289917,0.5028464794158936,0.6428655916233507,0.7329666018486023,0.89604197061498,1.0,0.5468931969881534
Iosif Stalin,,5,Utilizó el seudónimo 'Koba' en sus escritos y comunicaciones personales.,0.0750194638967514,0.6137162446975708,0.27001414144006264,0.7202947735786438,0.2817090315997904,1.0,0.26219383853932743
Iosif Stalin,,4,"Fue destituido de su cargo como secretario general varias veces, pero logró mantenerse en el poder.",0.09592976421117783,0.6791095733642578,0.5745577169134624,0.7836595773696899,0.7861713873431271,1.0,0.42329504638811943
Iosif Stalin,,3,Apoyó a Mao Zedong en la guerra civil china y estableció buenas relaciones con Corea del Norte.,0.30891153216362,0.4518358111381531,0.6036095015158958,0.7127112150192261,0.9529711563738618,1.0,0.5571667945869839
Iosif Stalin,,3,Participó en la Conferencia de Yalta y Potsdam para negociar la influencia soviética en Europa.,0.4176342487335205,0.44159063696861267,0.8390725592609243,0.7572647929191589,0.6350631226869504,1.0,0.6116206361270558
Iosif Stalin,,2,Se convirtió en el jefe del Estado soviético después de la muerte de Vladímir Lenin.,0.4784942865371704,0.47981658577919006,0.8086346989612138,0.7304389476776123,0.9504521994749817,1.0,0.6464779588645819
Iosif Stalin,,2,Fue el líder de la Unión Soviética durante la Segunda Guerra Mundial.,0.49663883447647095,0.44731950759887695,0.8865478440098532,0.7380567789077759,0.9695279667353559,1.0,0.6872339796650568
Iosif Stalin,,1,Fue el dictador de la Unión Soviética durante la mayor parte del siglo XX.,0.4734376072883606,0.46515077352523804,0.8310073217068802,0.7389520406723022,0.981481368805864,1.0,0.6625095032943542
Iosif Stalin,,1,Implementó políticas de industrialización y colectivización forzosa en la URSS.,0.4233170449733734,0.4002741873264313,0.8960998772169225,0.743281364440918,0.06088220425306685,1.0,0.554035652756036
Napoleon Bonaparte,,5,Fue recibido como un héroe conquistador en París en diciembre de 1797.,0.3599594831466675,0.40618598461151123,0.7666688701671116,0.7643252611160278,0.9507339939159732,1.0,0.6373956699223233
Napoleon Bonaparte,,4,Estudió en la escuela militar francesa de Brienne-le-Château a la edad de 10 años.,0.16056010127067566,0.4246574342250824,0.1974708457974042,0.7471137642860413,0.9574316313273806,1.0,0.41963786051842555
Napoleon Bonaparte,,3,Derrotó a cuatro generales austríacos en 1797 y forzó a Austria a firmar un acuerdo de paz.,0.2509438991546631,0.4067043960094452,0.4224529685064043,0.7070201635360718,0.9762168148251505,1.0,0.5073989087650165
Napoleon Bonaparte,,3,Ocupó Venecia y acabó con más de 1000 años de independencia de la república.,0.25924962759017944,0.47107359766960144,0.4760264649126218,0.7463643550872803,0.9718516460241235,1.0,0.5110681962884654
Napoleon Bonaparte,,2,"Nació en la isla de Córcega, poco después de su anexión por Francia.",0.30406293272972107,0.4097800552845001,0.6906289440576082,0.7356770634651184,0.9906750438274359,1.0,0.6040200692717598
Napoleon Bonaparte,,2,Murió exiliado en la isla de Santa Elena en 1821.,0.11318880319595337,0.5778456330299377,0.26529701841345105,0.7346335649490356,0.9937194664322172,1.0,0.38812612947131647
Napoleon Bonaparte,,1,Fue un militar y político francés que se autoproclamó emperador.,0.3418255150318146,0.401298850774765,0.7668189519045148,0.6854156255722046,0.7034956909518114,1.0,0.5863578338041224
Napoleon Bonaparte,,1,Se le considera uno de los más grandes comandantes militares de la historia.,0.03595659136772156,0.6498421430587769,0.30796939789285105,0.7938112616539001,0.9437225590044364,1.0,0.3652595711752783
Mahatma Gandhi,,5,Fue influenciado por la correspondencia con León Tolstói en su concepto de resistencia.,-0.08953678607940674,0.7707340121269226,0.33560479294890844,0.7511743307113647,0.9135680130753615,1.0,0.30126523455918786
Mahatma Gandhi,,4,Estudió Derecho en Londres y regresó a la India para ejercer la abogacía.,0.21464797854423523,0.5547336339950562,0.5399768803943492,0.6998708248138428,0.9437225590044364,1.0,0.4850415786914929
Mahatma Gandhi,,3,Instauró métodos de lucha social novedosos como la huelga de hambre y la predicación de la áhimsa.,0.18941187858581543,0.4806532561779022,0.26895046354905894,0.7290109395980835,0.8754466418125836,1.0,0.4150401796104585
Mahatma Gandhi,,3,Participó en la Conferencia de Londres en 1931 reclamando la independencia.,0.01798860728740692,0.8532778024673462,0.801073617044197,0.7335965037345886,0.7161891603115427,1.0,0.40540430724181764
Mahatma Gandhi,,2,"Nació en Porbandar, una ciudad costera del estado de Guyarat.",-0.00018064677715301514,0.8575195074081421,0.23172280210656263,0.6418112516403198,0.9348686476851041,1.0,0.24872686183430257
Mahatma Gandhi,,2,"Fue asesinado por Nathuram Godse, un fanático integracionista, en 1948.",0.07295791804790497,0.5877184867858887,0.2618319074601577,0.7309757471084595,0.41678145091596697,1.0,0.288989193985874
Mahatma Gandhi,,1,Fue un líder destacado del movimiento de independencia de la India.,0.3255334794521332,0.41364815831184387,0.6937147874216079,0.7813035249710083,0.8825233290156224,1.0,0.598700718681815
Mahatma Gandhi,,1,Practicó la desobediencia civil no violenta contra el dominio británico.,0.13417334854602814,0.5685675144195557,0.33618996297397163,0.7418192625045776,0.5656193249329818,1.0,0.35323719686151267
Julio Cesar,,5,Fue elegido cuestor por los Comicios en el 69 a. C.,0.0630687028169632,0.6173852682113647,0.2781222192271307,0.8163100481033325,0.9970843054680703,1.0,0.38284398784452955
Julio Cesar,,4,Estudió filosofía y retórica con el gramático Apolonio Molón en Rodas.,-0.013175323605537415,0.6955031752586365,0.4656936073925685,0.740673840045929,0.5939169545202151,1.0,0.3286106978875678
Julio Cesar,,3,Fue elegido edil curul en el año 65 a. C. y organizó los juegos en el Circo Máximo.,0.05826062709093094,0.585801362991333,0.15353004468174403,0.7605507969856262,0.9956476030509483,1.0,0.34540049738137624
Julio Cesar,,3,Fue elegido Pontifex Maximus después de la muerte de Quinto Cecilio Metelo Pío.,0.10869117081165314,0.6116520762443542,0.5403836433963585,0.8122237920761108,0.9135680130753615,1.0,0.4592264810411172
Julio Cesar,,2,"Se casó con Pompeya, nieta de Sila, después de la muerte de Cornelia.",0.026782657951116562,0.7591389417648315,0.21671249888098065,0.7330901026725769,0.9852863089864318,1.0,0.30038507835531275
Julio Cesar,,2,Fue elegido pretor urbano para ocuparse de asuntos entre ciudadanos romanos.,0.1143503338098526,0.5703591704368591,0.31703568141827304,0.6816087961196899,0.7161891603115427,1.0,0.3565427209716602
Julio Cesar,,1,Fue un político y militar romano que dominó la política de la República.,0.13848699629306793,0.5449630618095398,0.32295740415504626,0.7560556530952454,0.8076672294074272,1.0,0.3956541477487115
Julio Cesar,,1,Venció a varias tribus galas y expandió el territorio romano.,0.16602365672588348,0.5170173645019531,0.26909445433227847,0.6973585486412048,0.8873546154592228,1.0,0.3965348373796868
Jesus de Nazaret,,5,"Fue considerado uno de los profetas más importantes en el islam, conocido como Isa.",0.22235147655010223,0.4829169809818268,0.3333951388245128,0.7398414015769958,0.9051668277101853,1.0,0.4463649815262518
Jesus de Nazaret,,4,"Su figura está presente en varias religiones, no solo en el cristianismo.",0.2699645161628723,0.46284765005111694,0.5272608783325371,0.6703793406486511,0.8765329524347758,1.0,0.5053537290905596
Jesus de Nazaret,,3,Su comunidad se convirtió en la Iglesia cristiana primitiva después de su muerte.,0.21278996765613556,0.44357019662857056,0.3319059396715719,0.7335236072540283,0.9135680130753615,1.0,0.45612246396388434
Jesus de Nazaret,,3,Los relatos de sus enseñanzas y vida fueron conservados inicialmente por transmisión oral.,0.10446176677942276,0.499961256980896,0.11951677861827925,0.7220500707626343,0.8076672294074272,1.0,0.3362166153034216
Jesus de Nazaret,,2,Fue un predicador judío que enseñaba mediante parábolas.,0.2428208589553833,0.4146208167076111,0.44282719459257275,0.7876012325286865,0.46704783265810523,1.0,0.44522345685551284
Jesus de Nazaret,,2,Fue arrestado en Jerusalén y juzgado por las autoridades judías.,0.3467308282852173,0.3318174481391907,0.8320480606573211,0.6780639290809631,0.8121437021217193,1.0,0.64294650750393
Jesus de Nazaret,,1,"Fue crucificado por orden de Poncio Pilato, el prefecto romano de Judea.",0.10707542300224304,0.5758009552955627,0.3090162277974754,0.7953993678092957,0.8765329524347758,1.0,0.392169512897517
Jesus de Nazaret,,1,Es la figura central del cristianismo y considerado el Hijo de Dios.,0.3483160138130188,0.3647316098213196,0.8623446859782755,0.7899428606033325,0.9507339939159732,1.0,0.6800486582579348
Sócrates,,5,Fue ridiculizado como personaje cómico en la obra 'Las nubes' de Aristófanes.,0.145590141415596,0.5821802616119385,0.4988106420021489,0.7706246376037598,0.7231218051243897,1.0,0.42816911775010147
Sócrates,,4,Su amigo Querefonte le preguntó al oráculo de Delfos si había alguien más sabio que él.,0.17538635432720184,0.5588582158088684,0.5212464916706776,0.7518593668937683,0.9721316607993185,1.0,0.48239240330759775
Sócrates,,3,Influyó en la filosofía cirenaica de la experiencia y el placer a través de Aristipo.,0.23719288408756256,0.49235594272613525,0.39311987263697196,0.7578888535499573,0.89604197061498,1.0,0.46575738835620084
Sócrates,,3,Su discípulo Platón atribuyó sus propias ideas a él en sus diálogos.,0.3886672854423523,0.5277837514877319,0.8146243146988612,0.8019621968269348,0.9812934900456455,1.0,0.6312739835530446
Sócrates,,2,"Nació en Alopece, Atenas, alrededor del año 470 a. C.",0.09018224477767944,0.5966549515724182,0.3615740536790823,0.7173126339912415,0.9886149068701869,1.0,0.4034013069914591
Sócrates,,2,Murió en el año 399 a. C. tras ser condenado a beber cicuta.,0.0051735639572143555,0.6460222005844116,0.14125061841568298,0.7261472940444946,0.9969520418812936,1.0,0.3080681460734054
Sócrates,,1,Fue un filósofo clásico griego considerado uno de los padres de la filosofía occidental.,0.24212084710597992,0.5272626876831055,0.5240855339553921,0.7804237604141235,0.7251764430443578,1.0,0.4733110597821187
Sócrates,,1,"Es conocido por su método de indagar mediante preguntas, llamado método socrático.",0.19487231969833374,0.4800056219100952,0.3126219474103285,0.7814049124717712,0.3681875822638982,1.0,0.361198234309971
Leonardo da Vinci,,5,Legó todos sus proyectos y escritos a Francesco Melzi al final de su vida.,-0.001244373619556427,0.7369593381881714,0.2905291640815497,0.7385051250457764,0.9718516460241235,1.0,0.32237560695850964
Leonardo da Vinci,,4,Estudió con el pintor florentino Andrea de Verrocchio en su juventud.,0.07535119354724884,0.6320479512214661,0.390917796974851,0.684697151184082,0.9571991925925586,1.0,0.3890156425118452
Leonardo da Vinci,,3,"Realizó descubrimientos pioneros en anatomía, ingeniería civil y óptica.",0.07010237872600555,0.5715096592903137,0.19910115466526188,0.7571401596069336,0.13003303946143774,1.0,0.23537390123770902
Leonardo da Vinci,,3,Trabajó en Milán al servicio del duque Ludovico Sforza.,0.0842767283320427,0.6176282167434692,0.2813238376945586,0.7273052334785461,0.8908383654464219,1.0,0.35868557626082886
Leonardo da Vinci,,2,Nació en la localidad italiana de Vinci en el año 1452.,0.3484238088130951,0.4385715126991272,0.7274365332151748,0.6878980398178101,0.9913697849288001,1.0,0.6082344401393087
Leonardo da Vinci,,2,"Falleció en Amboise, Francia, en el año 1519.",0.0795714408159256,0.6207161545753479,0.3270572896137463,0.591823160648346,0.9940476556591286,1.0,0.3656972466504775
Leonardo da Vinci,,1,Fue un polímata y arquetipo del hombre del Renacimiento.,0.08851826190948486,0.5553341507911682,0.21253363457163255,0.8125066757202148,0.8073164733073912,1.0,0.35783697210535137
Leonardo da Vinci,,1,"Pintó el retrato más famoso del mundo, actualmente exhibido en el museo del Louvre.",0.22729265689849854,0.5323359966278076,0.5276419622474998,0.8237760663032532,0.9051668277101853,1.0,0.5033917566577393
Dante Alighieri,,5,Fue desterrado de su ciudad natal debido a su participación en luchas políticas entre güelfos y gibelinos.,0.10192978382110596,0.5457454323768616,0.17425964427986884,0.8101640343666077,0.7091328951186535,1.0,0.3368347582677964
Dante Alighieri,,4,"Escribió tratados en latín sobre literatura, política y filosofía, como De vulgari eloquentia.",0.12382030487060547,0.5843682289123535,0.42625115600826724,0.756193995475769,0.20844771508971977,1.0,0.3220252046284152
Dante Alighieri,,3,Su obra Vita nuova contiene alusiones autobiográficas sobre su amor platónico.,0.10685445368289948,0.5402000546455383,0.23555061450640852,0.7373224496841431,0.5939169545202151,1.0,0.3296619663452624
Dante Alighieri,,3,Fue un activo defensor de la unidad italiana siglos antes de que ocurriera.,0.08493198454380035,0.5660370588302612,0.24319822242038824,0.7454341053962708,0.963773901852514,1.0,0.37651595005334815
Dante Alighieri,,2,Murió en la ciudad de Rávena en el año 1321.,0.14318248629570007,0.4688183665275574,0.17288124099274585,0.6901459693908691,0.9981000007860154,1.0,0.3930922625758098
Dante Alighieri,,2,Nació en Florencia alrededor del año 1265.,0.219776451587677,0.4521225392818451,0.3577158021662983,0.5733894109725952,0.9786921764219407,1.0,0.4484455192129807
Dante Alighieri,,1,Es conocido por escribir la Divina Comedia.,0.13327041268348694,0.5302555561065674,0.26375646108641704,0.7423214316368103,0.7782874637726481,1.0,0.3747956987728839
Dante Alighieri,,1,"Fue un poeta italiano que describió el Infierno, el Purgatorio y el Paraíso.",0.19751538336277008,0.47008299827575684,0.2733762228855716,0.7392759323120117,0.9768562645406681,1.0,0.4379108840142133
Buda Gautama,,5,"Se le conoce como Lokavidu, sabio y prudente en el conocimiento de los muchos mundos.",0.16561630368232727,0.5292502641677856,0.3670550982293689,0.7564440369606018,0.89604197061498,1.0,0.43233761954185834
Buda Gautama,,4,"Criticó las prácticas de los sacerdotes brahmanes, como el sacrificio de animales.",0.11752425134181976,0.5420098900794983,0.23487249871262078,0.7492716908454895,0.7231218051243897,1.0,0.3522226572537826
Buda Gautama,,3,Enseñó un camino medio entre la complacencia sensual y el ascetismo estricto.,-0.03368957340717316,0.693166196346283,0.1895179072752491,0.737102210521698,0.8115326747861805,1.0,0.27446283977534014
Buda Gautama,,3,Su camino espiritual incluía entrenamiento ético y prácticas meditativas como la atención plena.,0.21888011693954468,0.4462777376174927,0.3766737326539702,0.7802506685256958,0.3986170425281061,1.0,0.39972498898773534
Buda Gautama,,2,Nació en Lumbini en el seno de una familia aristocrática en la república Sakia.,0.2852224111557007,0.36001056432724,0.6383796743280374,0.7555888891220093,0.9574316313273806,1.0,0.597508308199949
Buda Gautama,,2,"Murió en Kushinagar, alcanzando el paranirvana a los 80 años.",0.14197582006454468,0.573003351688385,0.34630132271026853,0.7210760712623596,0.8873546154592228,1.0,0.4016491553474791
Buda Gautama,,1,Fue un maestro espiritual que enseñó las Cuatro Nobles Verdades.,0.14496736228466034,0.5413618087768555,0.33699691262642945,0.7776211500167847,0.8873546154592228,1.0,0.4174303714134376
Buda Gautama,,1,Es el fundador del budismo y venerado como un ser iluminado.,0.35470664501190186,0.45753541588783264,0.7579997356440363,0.7863695621490479,0.9283755604861675,1.0,0.6182923948146399
Alejandro Magno,,5,"Fundó unas setenta ciudades con su nombre, siendo la de Egipto la más famosa.",-0.06336542963981628,0.9479867219924927,0.26331453026153795,0.7256076335906982,0.981481368805864,1.0,0.23798860095177016
Alejandro Magno,,4,Se casó con mujeres persas de noble cuna para legitimar su poder en oriente.,0.12126612663269043,0.607817530632019,0.35226870411644884,0.7698328495025635,0.9574316313273806,1.0,0.406678253966707
Alejandro Magno,,3,Fue educado por Aristóteles durante su adolescencia.,-0.019325315952301025,0.8113853931427002,0.9171820318906205,0.6487872004508972,0.5983443821379162,1.0,0.41494366954752815
Alejandro Magno,,3,Promovió la integración de pueblos sometidos con una política de fusión cultural.,-0.0038854479789733887,0.7177388072013855,0.10066688819196173,0.6995365619659424,0.7231218051243897,1.0,0.22750010094079892
Alejandro Magno,,2,Sucedió a su padre Filipo II en el trono en 336 a. C.,-0.052216582000255585,0.7574590444564819,0.2844159755664807,0.8031033277511597,0.9976484064052907,1.0,0.317756534977345
Alejandro Magno,,2,Era hijo de la princesa Olimpia de Epiro y rey de Macedonia.,-0.06009846553206444,0.9291455745697021,0.5138004959059731,0.7432017922401428,0.9885697968735292,1.0,0.32314252389669335
Alejandro Magno,,1,Lideró una extensa campaña militar conquistando el Imperio Persa.,0.05886062979698181,0.6423166394233704,0.2979914441453569,0.7253497242927551,0.36185237167693557,1.0,0.2715548769285685
Alejandro Magno,,1,Creó uno de los más grandes imperios de la historia antigua antes de cumplir 33 años.,-0.07510384172201157,0.7435561418533325,0.14242321321491583,0.7961100339889526,0.9907789268128964,1.0,0.27267269420411777
William Shakespeare,2025-12-19T12:32:04.566848,5,Su influencia en la literatura hispana se hizo notar especialmente en el siglo XIX,0.18269029259681702,0.5331536531448364,0.37747009751201127,0.7970148324966431,0.8614551114614962,1.0,0.4386034968342818
William Shakespeare,2025-12-19T12:32:04.566848,4,Fue traducido al español por Ramón de la Cruz en 1772 y Leandro Fernández de Moratín en 1798,-0.016912758350372314,0.8037382960319519,0.7030592819340075,0.7949550747871399,0.9849517853276725,1.0,0.43339978131340273
William Shakespeare,2025-12-19T12:32:04.566848,3,Su obra 'La tempestad' inspiró al ensayista José Enrique Rodó en su obra 'Ariel',-0.013007506728172302,0.6988652944564819,0.5090536853494589,0.7359262704849243,0.9718516460241235,1.0,0.39662171680966085
William Shakespeare,2025-12-19T12:32:04.566848,3,Su influencia en la literatura alemana se vio reflejada en la obra de Goethe y Friedrich von Schiller,0.17273785173892975,0.568841814994812,0.501688265549353,0.8032232522964478,0.9452152081186204,1.0,0.4766672805368729
William Shakespeare,2025-12-19T12:32:04.566848,2,Fue bautizado en la iglesia de la Santísima Trinidad en Stratford-upon-Avon,0.07273183763027191,0.6387867331504822,0.5444284753977076,0.8295239806175232,0.7161891603115427,1.0,0.41809586953522054
William Shakespeare,2025-12-19T12:32:04.566848,2,Murió en Stratford-upon-Avon el 23 de abril de 1616,0.25308385491371155,0.43589267134666443,0.4727435188975599,0.7738814353942871,0.9915575128419444,1.0,0.5264878779142586
William Shakespeare,2025-12-19T12:32:04.566848,1,Es considerado el escritor más importante en lengua inglesa,0.2046981155872345,0.4781492352485657,0.33765028881196507,0.7608975768089294,0.6826549789107688,1.0,0.41532282105430535
William Shakespeare,2025-12-19T12:32:04.566848,1,Fue un poeta y dramaturgo venerado ya en su tiempo,0.22903719544410706,0.47578489780426025,0.3615297729119069,0.8080286979675293,0.9794473782301052,1.0,0.4796523205013412
Ronald Reagan,2025-12-19T12:32:24.931285,5,Fue miembro de la fraternidad Tau Kappa Epsilon en la universidad.,0.04434164613485336,0.6586260795593262,0.19684383765003105,0.7653642892837524,0.9571991925925586,1.0,0.32871818303344813
Ronald Reagan,2025-12-19T12:32:24.931285,4,Se unió a la campaña de Barry Goldwater en 1964.,0.06503164768218994,0.6781055331230164,0.23724180160014238,0.7624261975288391,0.9965433750463223,1.0,0.34459265378895965
Ronald Reagan,2025-12-19T12:32:24.931285,3,Promovió el desmontaje del sistema público de hospitales psiquiátricos.,0.13504695892333984,0.5351203680038452,0.25092205338055246,0.7330808639526367,0.2254820990639644,1.0,0.2855343493007509
Ronald Reagan,2025-12-19T12:32:24.931285,3,Fue presidente de la Screen Actors Guild.,0.07997848838567734,0.5510527491569519,0.15607221166743265,0.6911854147911072,0.9960943920632005,1.0,0.3505935163991225
Ronald Reagan,2025-12-19T12:32:24.931285,2,"Nació en el edificio del banco local en Tampico, Illinois.",0.034459300339221954,0.6852768063545227,0.22127673739178583,0.7083820700645447,0.9794473782301052,1.0,0.32086625224600474
Ronald Reagan,2025-12-19T12:32:24.931285,2,Fue gobernador de California durante dos mandatos.,0.28978073596954346,0.3868788480758667,0.6205970631281021,0.7146851420402527,0.5983443821379162,1.0,0.525026044806653
Ronald Reagan,2025-12-19T12:32:24.931285,1,Fue el 40.º presidente de los Estados Unidos.,0.3471577763557434,0.5046652555465698,0.7107260552153926,0.7752895355224609,0.9916408147864824,1.0,0.5962893551687176
Ronald Reagan,2025-12-19T12:32:24.931285,1,Fue un actor y político estadounidense.,0.2649250626564026,0.4911269545555115,0.5229742244895131,0.7788111567497253,0.5179922280289649,1.0,0.45705971612944574
Mahoma,2025-12-19T12:32:35.785038,5,Su nombre completo en árabe es Abū l-Qāsim Muḥammad ibn ‘Abd Allāh ibn ‘Abd al-Muṭṭalib al-Hāšim al-Qurayšī,0.2909806966781616,0.45274215936660767,0.5117210535424793,0.8828271627426147,0.9762168148251505,1.0,0.5547464161444875
Mahoma,2025-12-19T12:32:35.785038,4,Adoptó la costumbre de retirarse periódicamente a orar a una caverna en la montaña llamada la cueva de Hira,0.11298955231904984,0.6268700957298279,0.5304578933538725,0.7064846754074097,0.8514475744762746,1.0,0.4273640984094469
Mahoma,2025-12-19T12:32:35.785038,3,Unió a las tribus bajo la constitución de Medina,0.1680508553981781,0.5126675963401794,0.2704466774769979,0.7197417616844177,0.9836868060283971,1.0,0.4164581954787646
Mahoma,2025-12-19T12:32:35.785038,3,Reunió un ejército de 10 000 musulmanes conversos y marchó sobre la ciudad de La Meca,0.10944859683513641,0.5664286017417908,0.3229262760909923,0.699937105178833,0.9806780032952612,1.0,0.40093130135394695
Mahoma,2025-12-19T12:32:35.785038,2,"Era miembro del clan de Háshim, de la tribu de los coraichitas",0.24414759874343872,0.5017691254615784,0.47402791167332464,0.814406156539917,0.9957644603591566,1.0,0.5120327496371888
Mahoma,2025-12-19T12:32:35.785038,2,Murió en Medina a la edad de 62 años,0.021090388298034668,0.6416143178939819,0.27181612439961444,0.7567302584648132,0.9988490316313461,1.0,0.35661551778233347
Mahoma,2025-12-19T12:32:35.785038,1,Fue el fundador de la religión islámica,0.1534382849931717,0.5451797246932983,0.3661235110568558,0.7802164554595947,0.9512002770012,1.0,0.43668331022740137
Mahoma,2025-12-19T12:32:35.785038,1,Recibió revelaciones de Dios a través del arcángel Gabriel,0.1037454903125763,0.6044326424598694,0.619917506800163,0.6362150311470032,0.8908383654464219,1.0,0.4544525668536171
Franklin D. Roosevelt,2025-12-19T12:32:45.441948,5,"Redactó la Constitución de Haití de 1915, impuesta por Estados Unidos",0.28830647468566895,0.4740731120109558,0.47924383530783554,0.7457238435745239,0.9283755604861675,1.0,0.5103274389265787
Franklin D. Roosevelt,2025-12-19T12:32:45.441948,4,Fue miembro de la convención del estado de Nueva York en 1788,0.2349691092967987,0.5108010768890381,0.48060604824373526,0.7673630118370056,0.9930359108222379,1.0,0.5019951620954682
Franklin D. Roosevelt,2025-12-19T12:32:45.441948,3,Creó la National Recovery Administration para aliviar la situación de los desempleados,0.25238847732543945,0.47655731439590454,0.4729317278160352,0.74128258228302,0.6130141761393353,1.0,0.4525345272940159
Franklin D. Roosevelt,2025-12-19T12:32:45.441948,3,Estableció la estrategia de «Europa primero» en la Segunda Guerra Mundial,0.07692393660545349,0.6239284873008728,0.3946058149300923,0.7456388473510742,0.7161891603115427,1.0,0.3658621949548877
Franklin D. Roosevelt,2025-12-19T12:32:45.441948,2,Se casó con la sobrina de Theodore Roosevelt,0.48347821831703186,0.41211435198783875,0.9490533097898554,0.7517642974853516,0.9874821154508174,1.0,0.7186643003950173
Franklin D. Roosevelt,2025-12-19T12:32:45.441948,2,Fue gobernador del estado de Nueva York entre 1929 y 1932,0.31432846188545227,0.4771185517311096,0.6491609450766511,0.7705709338188171,0.9852021308691331,1.0,0.5778443805147583
Franklin D. Roosevelt,2025-12-19T12:32:45.441948,1,Fue el presidente de Estados Unidos que más tiempo ha permanecido en el cargo,0.3931615352630615,0.48338207602500916,0.7416644071848323,0.7849311232566833,0.9574316313273806,1.0,0.6174714359794461
Franklin D. Roosevelt,2025-12-19T12:32:45.441948,1,Puso en marcha el programa nacional conocido como New Deal,0.1968676894903183,0.4643743634223938,0.2949269895819094,0.7723919153213501,0.9348686476851041,1.0,0.4446284101968865
Oscar Wilde,2025-12-19T12:32:55.113397,5,"Escribió De Profundis, una larga carta que describe su viaje espiritual en prisión.",-0.027191385626792908,0.6506221294403076,0.20432822678146612,0.718171238899231,0.9135680130753615,1.0,0.305434441735823
Oscar Wilde,2025-12-19T12:32:55.113397,4, Dio conferencias en Estados Unidos y Canadá sobre el renacimiento inglés.,0.10378406941890717,0.5750889778137207,0.2907565179497911,0.7415434122085571,0.7161891603115427,1.0,0.35411696180261754
Oscar Wilde,2025-12-19T12:32:55.113397,3,Publicó un libro de poemas y escribió la novela El retrato de Dorian Gray.,0.01627206802368164,0.710871160030365,0.31413763986527105,0.7805021405220032,0.9718516460241235,1.0,0.34708743410529486
Oscar Wilde,2025-12-19T12:32:55.113397,3,Escribió cuatro comedias divertidas para gente seria a principios de la década de 1890.,0.07694800198078156,0.6705113649368286,0.5653943225966607,0.7448559403419495,0.8614551114614962,1.0,0.42480113522007446
Oscar Wilde,2025-12-19T12:32:55.113397,2,Se convirtió al catolicismo en su lecho de muerte.,0.007669925689697266,0.6951757073402405,0.3337490718023178,0.7035242915153503,0.9687099980253925,1.0,0.34394113362359024
Oscar Wilde,2025-12-19T12:32:55.113397,2,"Murió de meningitis en París a los 46 años, en la indigencia.",-0.09487304091453552,0.8387039303779602,0.3063253100026757,0.7519341707229614,0.9885697968735292,1.0,0.2823873978637489
Oscar Wilde,2025-12-19T12:32:55.113397,1,"Fue un escritor, poeta y dramaturgo británico de origen irlandés.",0.09898100793361664,0.6415409445762634,0.5768840543041207,0.8273696899414062,0.8121437021217193,1.0,0.4463261570981234
Oscar Wilde,2025-12-19T12:32:55.113397,1,Escribió la obra maestra La importancia de llamarse Ernesto.,-0.06774032115936279,0.6823977828025818,0.3708852906421605,0.69205641746521,0.8073164733073912,1.0,0.31790413514693633
Benjamin Franklin,2025-12-19T12:33:04.926747,5,Creó un plan de trece virtudes para cultivar su carácter a los 20 años,0.11871866881847382,0.5755553841590881,0.45480736554666207,0.7529903650283813,0.9920565196560469,1.0,0.4492763593925151
Benjamin Franklin,2025-12-19T12:33:04.926747,4,Fue secretario de la logia masónica de 1735 a 1738,0.006749212741851807,0.6427149772644043,0.2314656354445794,0.8426445126533508,0.9886149068701869,1.0,0.3526639622441793
Benjamin Franklin,2025-12-19T12:33:04.926747,3,"Fundó la Union Fire Company, el primer cuerpo de bomberos de Filadelfia en 1736",0.1438104808330536,0.5891600847244263,0.4230821687709644,0.7159605026245117,0.981481368805864,1.0,0.4335550043303027
Benjamin Franklin,2025-12-19T12:33:04.926747,3,"Creó el Grupo Junto, un grupo de tertulias sobre temas del día en 1727",0.021522805094718933,0.6127882599830627,0.15120483466563894,0.7529455423355103,0.9948109392472895,1.0,0.3279930086413688
Benjamin Franklin,2025-12-19T12:33:04.926747,2,Fue el decimoctavo hijo de un total de 22 hermanos,0.11245010793209076,0.4929444491863251,0.12895490785051922,0.7406421303749084,0.9794473782301052,1.0,0.37130659590724124
Benjamin Franklin,2025-12-19T12:33:04.926747,2,Murió en Filadelfia a los 84 años,0.09847117960453033,0.5692865252494812,0.24210523279099969,0.70760178565979,0.9960943920632005,1.0,0.377094285272623
Benjamin Franklin,2025-12-19T12:33:04.926747,1,Fue un político y científico estadounidense considerado uno de los padres fundadores de los Estados Unidos,0.18395455181598663,0.5570895075798035,0.5354314314594317,0.7415750026702881,0.4506610850117811,1.0,0.40912890514974454
Benjamin Franklin,2025-12-19T12:33:04.926747,1,Inventó el pararrayos en 1753,0.008166790008544922,0.5958042740821838,0.16734025769537747,0.6944384574890137,0.9598440423042386,1.0,0.3212365228392485
Cristóbal Colón,2025-12-19T12:33:15.870603,5,"Calculó la circunferencia de la Tierra en 29 000 km, según Posidonio y Ailly.",-0.017179280519485474,0.7643445730209351,0.48030488265821497,0.7862934470176697,0.9574316313273806,1.0,0.37291101567537976
Cristóbal Colón,2025-12-19T12:33:15.870603,4,Se basó en Los viajes de Marco Polo para planificar su ruta hacia el oriente.,0.11923892796039581,0.616543710231781,0.5391418403259393,0.7490431666374207,0.977112256596513,1.0,0.45955054779117144
Cristóbal Colón,2025-12-19T12:33:15.870603,3,Fue gobernador colonial y fue acusado de brutalidad por sus contemporáneos.,0.12358260154724121,0.5637791752815247,0.31376316361782886,0.7400693297386169,0.7161891603115427,1.0,0.36815048733763117
Cristóbal Colón,2025-12-19T12:33:15.870603,3,Su antropónimo inspiró denominaciones como Colombia y la Columbia Británica.,0.16963942348957062,0.5095930695533752,0.26477554505064727,0.7535843253135681,0.06088220425306685,1.0,0.28265260380185875
Cristóbal Colón,2025-12-19T12:33:15.870603,2,Se estableció en Portugal en 1477 y vivió en Porto Santo y Madeira.,-0.024349907413125038,0.9974469542503357,0.3654956260626079,0.7585498094558716,0.9768562645406681,1.0,0.265855536003415
Cristóbal Colón,2025-12-19T12:33:15.870603,2,Fue destituido del cargo de gobernador colonial en 1500.,0.057054854929447174,0.636949896812439,0.24100716997612145,0.7285711169242859,0.9408106349549996,1.0,0.34303542465758374
Cristóbal Colón,2025-12-19T12:33:15.870603,1,Encabezó el Descubrimiento de América en 1492 y abrió rutas de navegación hacia el Nuevo Mundo.,0.10115107893943787,0.5744183659553528,0.2711504723578322,0.782895028591156,0.8861495516530375,1.0,0.37960653027491204
Cristóbal Colón,2025-12-19T12:33:15.870603,1,"Realizó cuatro viajes a las Indias y regresó a Europa, estableciendo vínculos permanentes con Europa.",0.0743216797709465,0.6310422420501709,0.23912583237440388,0.7083532810211182,0.5384240911869261,1.0,0.28430602521565934
Victor Hugo,2025-12-19T12:33:25.045459,5,Su teoría del drama romántico se expuso en la introducción de Cromwell en 1827,0.05449686944484711,0.6672290563583374,0.651418418671681,0.7835286855697632,0.9718516460241235,1.0,0.46946325169356506
Victor Hugo,2025-12-19T12:33:25.045459,4,Fue condenado al exilio durante veinte años del Segundo Imperio francés,0.15764999389648438,0.5502432584762573,0.4316348079235358,0.7440215945243835,0.8825233290156224,1.0,0.43992920512471356
Victor Hugo,2025-12-19T12:33:25.045459,3,Su obra El hombre que ríe se publicó en 1869,-0.03670176863670349,0.6340749859809875,0.24975158806658687,0.760111927986145,0.9989563636576756,1.0,0.34122286915479605
Victor Hugo,2025-12-19T12:33:25.045459,3,Su drama Hernani se estrenó en 1830,-0.045389652252197266,0.6695200204849243,0.2545462494096951,0.6744359731674194,0.9908452519758247,1.0,0.3162221130577817
Victor Hugo,2025-12-19T12:33:25.045459,2,Murió en París el 22 de mayo de 1885,0.07100021839141846,0.5670605897903442,0.24827278581230383,0.7899460792541504,0.9988490316313461,1.0,0.3868829750781605
Victor Hugo,2025-12-19T12:33:25.045459,2,Nació en Besanzón el 26 de febrero de 1802,0.0736972838640213,0.5990602374076843,0.2601033291104073,0.7686412930488586,0.9956476030509483,1.0,0.3776957298744631
Victor Hugo,2025-12-19T12:33:25.045459,1,Fue un destacado novelista y dramaturgo romántico francés,0.10799899697303772,0.5934085249900818,0.4879554342724171,0.7963064312934875,0.46704783265810523,1.0,0.379467023692976
Victor Hugo,2025-12-19T12:33:25.045459,1,Es conocido por obras como Nuestra Señora de París y Los miserables,0.0466214120388031,0.5948829054832458,0.3755636445105238,0.7479511499404907,0.9507339939159732,1.0,0.39833128426258124
Molière,2025-12-19T12:33:36.565955,5,Su obra 'Tartufo' fue prohibida por el Parlamento francés debido a su crítica a la hipocresía religiosa.,-0.154732346534729,1.1898891925811768,0.21115592023562543,0.7437165379524231,0.8754466418125836,1.0,0.11830803191460428
Molière,2025-12-19T12:33:36.565955,4,Fue influenciado por la Comedia del arte y la comedia francesa más refinada en sus obras.,-0.19858518242835999,1.0540289878845215,0.4685890810368658,0.7530819773674011,0.9599595132919699,1.0,0.24160721356882084
Molière,2025-12-19T12:33:36.565955,3,"Escribió la comedia 'La escuela de los maridos' y 'La escuela de las mujeres', que fueron representadas en el Louvre.",-0.11001930385828018,0.9603555202484131,0.38670461037354803,0.745603084564209,0.8747909277509601,1.0,0.24895997258350816
Molière,2025-12-19T12:33:36.565955,3,Su obra 'El médico enamorado' fue representada ante el rey en el Louvre.,-0.1535901129245758,0.8750243186950684,0.4480147459674932,0.7526053786277771,0.9437225590044364,1.0,0.2956283022021088
Molière,2025-12-19T12:33:36.565955,2,Nació en una familia próspera y estudió en el Collège de Clermont.,-0.14364415407180786,1.9098877906799316,0.23196950923796836,0.7577615976333618,0.9695279667353559,1.0,-0.07301089698292024
Molière,2025-12-19T12:33:36.565955,2,"Se casó con Armande Béjart, hija de Madeleine Béjart, en 1662.",0.024237461388111115,0.8322111964225769,0.24813167609738707,0.7279701232910156,0.974739025914968,1.0,0.28503001899177566
Molière,2025-12-19T12:33:36.565955,1,"Fue un dramaturgo y actor francés del siglo XVII, conocido por sus obras de teatro clásicas.",-0.2574089765548706,1.085909128189087,0.5854459316648369,0.7760722637176514,0.9721316607993185,1.0,0.260609829938948
Molière,2025-12-19T12:33:36.565955,1,Es considerado uno de los maestros del Clasicismo francés y su influencia en la lengua francesa es muy grande.,-0.1456480771303177,0.897188663482666,0.3945137460082425,0.7633873224258423,0.9366341936872374,1.0,0.27507113376833914
Marie Curie,2025-12-19T12:33:47.414629,5,Fue la primera persona en recibir sepultura con honores en el Panteón de París por méritos propios en 1995,-0.006714433431625366,0.700046718120575,0.2956058569587326,0.7784947752952576,0.9366341936872374,1.0,0.334594213164748
Marie Curie,2025-12-19T12:33:47.414629,4,Recibió una beca de la Fundación Alexandrowitch para financiar su educación universitaria,0.013843946158885956,0.6322447061538696,0.11774110106497028,0.747603178024292,0.3681875822638982,1.0,0.21578632975771006
Marie Curie,2025-12-19T12:33:47.414629,3,"Fundó el Instituto Curie en París y en Varsovia, centros de investigación médica",0.3054087162017822,0.3947642743587494,0.7152350836890478,0.757496178150177,0.8076672294074272,1.0,0.5919975076038995
Marie Curie,2025-12-19T12:33:47.414629,3,Desarrolló técnicas para el aislamiento de isótopos radiactivos,-0.06046959385275841,0.8748604655265808,0.3618618473497625,0.7377642393112183,0.1635565654503469,1.0,0.16920463064674077
Marie Curie,2025-12-19T12:33:47.414629,2,"Nació en Varsovia, en lo que entonces era el Zarato de Polonia",-0.011500507593154907,0.6856951117515564,0.37474886586811273,0.7523552775382996,0.9812934900456455,1.0,0.36446335028474053
Marie Curie,2025-12-19T12:33:47.414629,2,"Murió en 1934 a los 66 años, en el sanatorio Sancellemoz en Passy",-0.051850467920303345,0.7214320302009583,0.2848089908621321,0.7597222328186035,0.9906750438274359,1.0,0.321202581640849
Marie Curie,2025-12-19T12:33:47.414629,1,Fue pionera en el campo de la radiactividad y recibió dos premios Nobel,0.05266653001308441,0.6552631855010986,0.3953877118146999,0.7204750180244446,0.963773901852514,1.0,0.38520800970135066
Marie Curie,2025-12-19T12:33:47.414629,1,Fundó el Instituto del Radio y fue la primera mujer en ocupar el puesto de profesora en la Universidad de París,0.11170332133769989,0.583761990070343,0.29845529614210503,0.7730026245117188,0.9361271631577476,1.0,0.39311812572960464
Adolf Hitler,2025-12-19T12:33:57.232336,5,Fue influenciado por la ariosofía en su ideología política,-0.03973083198070526,0.6766496300697327,0.26796939716004153,0.8304548859596252,0.8908383654464219,1.0,0.3276437516281232
Adolf Hitler,2025-12-19T12:33:57.232336,4,Se afilió al Partido Obrero Alemán en 1919,0.3369954824447632,0.4336053729057312,0.7337721589927946,0.6912375688552856,0.9940476556591286,1.0,0.6102419294032788
Adolf Hitler,2025-12-19T12:33:57.232336,3,Redactó la primera parte de su libro Mi lucha en la cárcel,-0.004960417747497559,0.5845348834991455,0.11525173278752616,0.7915660738945007,0.9885697968735292,1.0,0.3252433596753288
Adolf Hitler,2025-12-19T12:33:57.232336,3,Promovió el rearme de Alemania y violó el Tratado de Versalles,0.3104504644870758,0.4467265009880066,0.6164765404518854,0.7034088373184204,0.9571991925925586,1.0,0.5621063285947352
Adolf Hitler,2025-12-19T12:33:57.232336,2,Fue nombrado canciller imperial en enero de 1933,0.10160961747169495,0.5645568370819092,0.29232901755583424,0.7570564150810242,0.9738650692756922,1.0,0.398291800290024
Adolf Hitler,2025-12-19T12:33:57.232336,2,Se autoproclamó líder y canciller imperial tras la muerte de Paul von Hindenburg,0.23907175660133362,0.4607256054878235,0.3650430478113924,0.7886362075805664,0.9437225590044364,1.0,0.4789633990050878
Adolf Hitler,2025-12-19T12:33:57.232336,1,Fue el líder del Tercer Reich y responsable del inicio de la Segunda Guerra Mundial,0.4163719713687897,0.41516897082328796,0.8781794523068408,0.7894954681396484,0.977112256596513,1.0,0.6871687123304091
Adolf Hitler,2025-12-19T12:33:57.232336,1,Implementó políticas de discriminación y exterminio que causaron la muerte de millones de personas,0.09965552389621735,0.5406325459480286,0.17427298487874912,0.7604944705963135,0.4217902422278676,1.0,0.28736594636231905
Vincent van Gogh,2025-12-19T12:34:07.448421,5,"Su infancia fue descrita como triste, fría y estéril por él mismo.",-0.11849682778120041,0.917058527469635,0.15133554748189781,0.7457526922225952,0.9812934900456455,1.0,0.20564066182721039
Vincent van Gogh,2025-12-19T12:34:07.448421,4,Estudió en la Academia de Bellas Artes de Bruselas en 1880.,0.15857751667499542,0.5006706118583679,0.22342494960302864,0.7655226588249207,0.9852021308691331,1.0,0.4111505335433182
Vincent van Gogh,2025-12-19T12:34:07.448421,3,Realizó esbozos y dibujos basados en las pinturas de Jean-François Millet.,0.23249049484729767,0.4995412826538086,0.45538000918780014,0.7781398296356201,0.8825233290156224,1.0,0.482349198177924
Vincent van Gogh,2025-12-19T12:34:07.448421,3,"Pintó la naturaleza de los alrededores de Arlés, incluyendo el canal del sur.",0.16812975704669952,0.4877297580242157,0.256887054773787,0.7793275713920593,0.8694905172024386,1.0,0.41169586266408276
Vincent van Gogh,2025-12-19T12:34:07.448421,2,Fue hijo de un pastor protestante neerlandés llamado Theodorus.,0.12605677545070648,0.5321441888809204,0.20957402584163848,0.7434353232383728,0.8073164733073912,1.0,0.3610530816206858
Vincent van Gogh,2025-12-19T12:34:07.448421,2,Su hermano menor Theo le prestó apoyo financiero de manera continua.,0.08446674048900604,0.6199910044670105,0.21564769361542366,0.7094407081604004,0.8825233290156224,1.0,0.3343849738297736
Vincent van Gogh,2025-12-19T12:34:07.448421,1,Fue un pintor neerlandés y uno de los principales exponentes del postimpresionismo.,0.37116265296936035,0.4227639138698578,0.8298013754104466,0.7491118907928467,0.8115326747861805,1.0,0.6304404613434834
Vincent van Gogh,2025-12-19T12:34:07.448421,1,Es conocido por sus obras que caracterizan la luz y los colores vivos.,0.11523647606372833,0.5070661902427673,0.17221314630609824,0.8118003606796265,0.9768562645406681,1.0,0.39088989369618254
Franz Kafka,2025-12-19T12:34:17.262046,5,Su amigo Max Brod ignoró sus deseos de destruir los manuscritos después de su muerte.,0.06700588762760162,0.6067389845848083,0.15506828462775188,0.6908010840415955,0.9845412407072787,1.0,0.32920132295625704
Franz Kafka,2025-12-19T12:34:17.262046,4,La Gestapo confiscó 20 cuadernos y 35 cartas de su compañera Dora Diamant en 1933.,0.023375164717435837,0.7488539814949036,0.2949205384941879,0.7328600883483887,0.9662355770381064,1.0,0.32335934761607255
Franz Kafka,2025-12-19T12:34:17.262046,3,"Escribió cartas a su padre, prometida Felice Bauer, hermana Ottla y amiga Milena Jesenská.",0.13389161229133606,0.5156930685043335,0.1904345254189716,0.7766221761703491,0.7251764430443578,1.0,0.35447055837532915
Franz Kafka,2025-12-19T12:34:17.262046,3,"Su obra fue publicada en alemán, excepto algunas cartas en checo dirigidas a Milena.",0.1897585690021515,0.5217909812927246,0.3983026013540812,0.6836853623390198,0.8614551114614962,1.0,0.4326762723790308
Franz Kafka,2025-12-19T12:34:17.262046,2,Murió a los 40 años en 1924 debido a la tuberculosis.,-0.012196056544780731,0.7881523370742798,0.21689262828182423,0.7129302024841309,0.9913697849288001,1.0,0.28182786149925976
Franz Kafka,2025-12-19T12:34:17.262046,2,"Nació en Praga, Imperio austrohúngaro, actual capital de República Checa.",0.0952577143907547,0.5975349545478821,0.2877466784202572,0.7857783436775208,0.5656193249329818,1.0,0.3288247080962647
Franz Kafka,2025-12-19T12:34:17.262046,1,Es conocido por sus obras literarias que describen situaciones absurdas y angustiosas.,0.06750984489917755,0.5970004796981812,0.3388689180721228,0.816159725189209,0.6130141761393353,1.0,0.35043859016164797
Franz Kafka,2025-12-19T12:34:17.262046,1,"Se hizo famoso después de su muerte, con obras como La metamorfosis.",0.08081316947937012,0.5551069378852844,0.21101355788231616,0.7396032810211182,0.9695279667353559,1.0,0.36930430482328047
Agustín de Hipona,2025-12-19T12:34:47.314955,5,Su doctrina del filioque fue rechazada por la Iglesia ortodoxa oriental.,0.15388618409633636,0.5114395022392273,0.21852707085637718,0.7493174076080322,0.8825233290156224,1.0,0.38767963279912165
Agustín de Hipona,2025-12-19T12:34:47.314955,4,Fue miembro de la Orden de los Ermitaños Agustinos antes de convertirse en líder religioso.,0.28945276141166687,0.41608110070228577,0.6303297189623821,0.8076170086860657,0.89604197061498,1.0,0.5777139921060997
Agustín de Hipona,2025-12-19T12:34:47.314955,3,Su obra 'La Trinidad' influyó en la cosmovisión medieval y en la Iglesia católica.,0.12509435415267944,0.6128383874893188,0.5364793261066898,0.6878108382225037,0.9361100772866727,1.0,0.44569929719270424
Agustín de Hipona,2025-12-19T12:34:47.314955,3,Su libro 'Confesiones' es considerado un modelo de biografía interior para muchos autores.,0.04869583249092102,0.5956414341926575,0.2063081470246746,0.7347277998924255,0.5125742712080189,1.0,0.28003448877768183
Agustín de Hipona,2025-12-19T12:34:47.314955,2,Fue canonizado por aclamación popular y reconocido como Doctor de la Iglesia en 1298.,0.12947963178157806,0.550957441329956,0.2632406872282992,0.7222684621810913,0.8614551114614962,1.0,0.377139439897497
Agustín de Hipona,2025-12-19T12:34:47.314955,2,"Murió el 28 de agosto de 430, poco después de que los vándalos sitiaron Hipona.",0.21839985251426697,0.4488203227519989,0.3670170180222364,0.7509967684745789,0.9845412407072787,1.0,0.47946969685248053
Agustín de Hipona,2025-12-19T12:34:47.314955,1,"Fue un escritor, teólogo y filósofo cristiano que dirigió luchas contra herejías en África.",0.036396220326423645,0.6565150022506714,0.6167671525589488,0.7932149767875671,0.8614551114614962,1.0,0.44355540407150806
Agustín de Hipona,2025-12-19T12:34:47.314955,1,"Es reconocido como santo en la Iglesia católica, la Iglesia ortodoxa oriental y otras iglesias cristianas.",0.18035076558589935,0.525825560092926,0.3132457613298007,0.7917174100875854,0.7861713873431271,1.0,0.40897953459296527
Nelson Mandela,2025-12-19T12:34:58.430298,5,Fue secretario general del Movimiento de Países No Alineados entre 1998 y 2002,0.10817526280879974,0.6897673010826111,0.7870259664232624,0.7601304054260254,0.9437225590044364,1.0,0.50639060819066
Nelson Mandela,2025-12-19T12:34:58.430298,4,"Influenciado por el marxismo, entró en secreto al Partido Comunista Sudafricano",0.34955161809921265,0.4743098318576813,0.7201709173789923,0.7265888452529907,0.32943815942399823,1.0,0.5020727029580164
Nelson Mandela,2025-12-19T12:34:58.430298,3,Presidió el Congreso Popular de 1955 y fue parte de la directiva del CNA,0.032056115567684174,0.7282567620277405,0.5601986917041085,0.760051965713501,0.981481368805864,1.0,0.41722380070423587
Nelson Mandela,2025-12-19T12:34:58.430298,3,Fundó y comandó la organización guerrillera Umkhonto we Sizwe en 1961,0.15218572318553925,0.558459460735321,0.3843922399009662,0.6815454959869385,0.8825233290156224,1.0,0.4128273155482306
Nelson Mandela,2025-12-19T12:34:58.430298,2,Estudió Derecho en la Universidad de Fort Hare y la Universidad de Witwatersrand,-0.11402592062950134,0.8416197299957275,0.22915520656150598,0.718346118927002,0.8694905172024386,1.0,0.23163095575336545
Nelson Mandela,2025-12-19T12:34:58.430298,2,"Se casó con Graça Machel, una activista política mozambiqueña, después de su divorcio",0.2538890242576599,0.45766720175743103,0.45873626586478394,0.6961941719055176,0.8076672294074272,1.0,0.4766777447114924
Nelson Mandela,2025-12-19T12:34:58.430298,1,Fue el primer presidente de raza negra en la historia de Sudáfrica,0.4513952136039734,0.38049378991127014,0.9564942167110903,0.7540944814682007,0.9507339939159732,1.0,0.7188034480288312
Nelson Mandela,2025-12-19T12:34:58.430298,1,Recibió el Premio Nobel de la Paz por su activismo contra el apartheid,0.37122178077697754,0.3967001140117645,0.8681076994307172,0.7892869710922241,0.9906750438274359,1.0,0.6826609519004238
Corbin Bleu,2025-12-19T12:35:28.437373,5,Fue el primer miembro de High School Musical en aparecer en Broadway,-0.09029459953308105,1.134856104850769,0.3184769671527003,0.6968949437141418,0.9930359108222379,1.0,0.19051697143476848
Corbin Bleu,2025-12-19T12:35:28.437373,4,Comenzó a tomar clases de jazz y ballet clásico a una edad temprana,-0.03223240375518799,0.8017566800117493,0.26860962064245575,0.7250973582267761,0.9768562645406681,1.0,0.28890244410823296
Corbin Bleu,2025-12-19T12:35:28.437373,3,Protagonizó la película de Disney Jump In! junto a su padre,-0.06644970178604126,0.7637243866920471,0.3860601279205993,0.7514679431915283,0.9854270652356721,1.0,0.33394503402049547
Corbin Bleu,2025-12-19T12:35:28.437373,3,Participó en la serie de televisión The Beautiful Life en 2009,0.1545271873474121,0.5620390772819519,0.3720528122559037,0.7470035552978516,0.9571991925925586,1.0,0.4295399865365068
Corbin Bleu,2025-12-19T12:35:28.437373,2,Tiene ascendencia jamaicana e italiana,-0.030225425958633423,0.7176116108894348,0.3424427580378864,0.8655904531478882,0.1643790582086918,1.0,0.23589968118594742
Corbin Bleu,2025-12-19T12:35:28.437373,2,Apareció en comerciales de televisión desde la edad de dos años,0.07385192066431046,0.5444386601448059,0.12279574750644491,0.7888538241386414,0.974739025914968,1.0,0.35281644008456936
Corbin Bleu,2025-12-19T12:35:28.437373,1,Es conocido por su rol en High School Musical como Chad Danforth,0.05036190152168274,0.6568008065223694,0.26450478726210525,0.7505885362625122,0.9812934900456455,1.0,0.35216587884500994
Corbin Bleu,2025-12-19T12:35:28.437373,1,Es un actor y cantante estadounidense,0.04836808145046234,0.5588874816894531,0.18945339639803457,0.8103551864624023,0.7449770744270497,1.0,0.3321432350514911
Abraham Lincoln,2025-12-19T12:35:38.258124,5,Fue nominado para ser candidato a vicepresidente en la primera Convención Nacional del Partido Republicano en 1856,0.15142922103405,0.5919319987297058,0.505236770903628,0.7957028746604919,0.45818612290375005,1.0,0.3923606314540874
Abraham Lincoln,2025-12-19T12:35:38.258124,4,"Se casó con Nancy Hanks en 1806, cuando ella tenía veintidós años de edad",0.03943847864866257,0.6819932460784912,0.16126007620195118,0.7246508598327637,0.9977913062326047,1.0,0.3100340711666919
Abraham Lincoln,2025-12-19T12:35:38.258124,3,"Promovió una rápida modernización de la economía a través de sectores como el bancario, los impuestos y los ferrocarriles",0.05374492332339287,0.7202700972557068,0.2215228182039953,0.7560356855392456,0.6896816865248497,1.0,0.27798241402309554
Abraham Lincoln,2025-12-19T12:35:38.258124,3,Debatió a Douglas en una serie de cuestiones que representaron una discusión nacional sobre las cuestiones que estuvieron a punto de dividir la nación,0.1896151304244995,0.5219004154205322,0.3873469633412295,0.7861580848693848,0.7748669890019582,1.0,0.43171075601215886
Abraham Lincoln,2025-12-19T12:35:38.258124,2,"Nació el 12 de febrero de 1809 en una granja situada cerca de la ciudad de Hodgenville, en el actual condado de LaRue, Kentucky",0.055817268788814545,0.7419646382331848,0.20017692051675334,0.7438876032829285,0.9519376311214578,1.0,0.30300091931940754
Abraham Lincoln,2025-12-19T12:35:38.258124,2,"Fue asesinado por John Wilkes Booth, un simpatizante de la causa del sur, el 14 de abril de 1865",0.2072691023349762,0.5182830691337585,0.4253086708817393,0.7583127021789551,0.9926369792205717,1.0,0.4762039636321313
Abraham Lincoln,2025-12-19T12:35:38.258124,1,Fue elegido presidente de los Estados Unidos de América por el Partido Republicano en 1860,0.2763150632381439,0.4964430630207062,0.5358978200489247,0.8300268054008484,0.89604197061498,1.0,0.526009760628817
Abraham Lincoln,2025-12-19T12:35:38.258124,1,Se convirtió en líder de la facción moderada de los republicanos y abogó por la abolición de la esclavitud,0.21364222466945648,0.5181570649147034,0.38424305066841774,0.7745106220245361,0.9151015298798568,1.0,0.45599605897531614
Aristóteles,2025-12-19T12:35:57.847871,5,Su teoría hilemórfica describe la sustancia y la forma como componentes de las entidades sensibles,0.1820133775472641,0.5053204894065857,0.31693478139575604,0.7497751712799072,0.6350631226869504,1.0,0.3876127176320454
Aristóteles,2025-12-19T12:35:57.847871,4,Influyó en el pensamiento islámico durante la Edad Media y en la escolástica cristiana,0.09137919545173645,0.6248393654823303,0.4742972915596349,0.7293484210968018,0.7251764430443578,1.0,0.3912919472797706
Aristóteles,2025-12-19T12:35:57.847871,3,Formuló la teoría de la generación espontánea y el principio de no contradicción,0.09068645536899567,0.5493903160095215,0.20380687868250158,0.822117805480957,0.9135680130753615,1.0,0.3748151348943151
Aristóteles,2025-12-19T12:35:57.847871,3,"Distingue tres tipos de filosofías: saber práctico, saber productivo y saber teórico",0.17739689350128174,0.5910006761550903,0.6859742024229438,0.791454553604126,0.6130141761393353,1.0,0.47464174902236383
Aristóteles,2025-12-19T12:35:57.847871,2,"Nació en la ciudad de Estagira, al norte de la Antigua Grecia",0.18294718861579895,0.4882047772407532,0.27909814979873876,0.7151057720184326,0.9812934900456455,1.0,0.42831734029028334
Aristóteles,2025-12-19T12:35:57.847871,2,Murió en Calcis a la edad de 62 años,0.012312695384025574,0.6225431561470032,0.18682410841214658,0.7613970637321472,0.9994087420070521,1.0,0.3358676922644668
Aristóteles,2025-12-19T12:35:57.847871,1,Es considerado uno de los padres de la filosofía occidental,0.12063711881637573,0.5600928068161011,0.40788027450324726,0.7740077376365662,0.8873546154592228,1.0,0.427668025229426
Aristóteles,2025-12-19T12:35:57.847871,1,Fundó la Escuela peripatética de filosofía en el Liceo de Atenas,0.3611665368080139,0.4765905737876892,0.6914291607787063,0.7416751384735107,0.813223142213901,1.0,0.5699196359928325
Rabindranath Tagore,2025-12-19T12:36:07.341553,5,Fue el primer asiático en ganar un Premio Nobel en 1913,-0.04918808862566948,0.9124049544334412,0.17763143367291984,0.7511749267578125,0.9949799002255054,1.0,0.23165355232938156
Rabindranath Tagore,2025-12-19T12:36:07.341553,4,"Vivió en el campo bengalí durante diez años, lo que influyó en su pensamiento político",0.08857646584510803,0.5785576701164246,0.26160405253655933,0.7285502552986145,0.9278417790281236,1.0,0.3710880264551178
Rabindranath Tagore,2025-12-19T12:36:07.341553,3,Fundó la escuela experimental de Santiniketan en 1901,0.024394690990447998,0.6713477373123169,0.2682215532684547,0.7097919583320618,0.8926404129593664,1.0,0.3243059296913823
Rabindranath Tagore,2025-12-19T12:36:07.341553,3,"Escribió novelas, ensayos, historias cortas, diarios de viaje y teatro",-0.01613670587539673,0.6962218284606934,0.5888949775307463,0.7815176844596863,0.8121437021217193,1.0,0.4036238176798763
Rabindranath Tagore,2025-12-19T12:36:07.341553,2,Fue conocido como el bardo de Bengala y recibió apodos como Gurudeb y Kobiguru,0.1527508646249771,0.5678516030311584,0.5037472272751291,0.7858693599700928,0.8020024717569222,1.0,0.44949963644735497
Rabindranath Tagore,2025-12-19T12:36:07.341553,2,Sus canciones son los himnos nacionales de Bangladés y la India,0.26528412103652954,0.47798463702201843,0.5037775098082681,0.7787294387817383,0.974739025914968,1.0,0.5238149646883834
Rabindranath Tagore,2025-12-19T12:36:07.341553,1,Fue un poeta y escritor que revolucionó la literatura bengalí,0.15706247091293335,0.5194591283798218,0.2761176220075897,0.7789182066917419,0.7034956909518114,1.0,0.38077212840756613
Rabindranath Tagore,2025-12-19T12:36:07.341553,1,Ganó el Premio Nobel de Literatura en 1913 por su obra Gitanjali,0.05890922248363495,0.567909836769104,0.17249718206160092,0.7652179002761841,0.9695279667353559,1.0,0.3533699333516135
Antón Chéjov,2025-12-19T12:36:26.335135,5,Fue un maestro del relato corto en la historia de la literatura,-0.0614565908908844,0.7053596377372742,0.37222868268621273,0.817295253276825,0.9507339939159732,1.0,0.3529737883458889
Antón Chéjov,2025-12-19T12:36:26.335135,4,Su obra El canto del cisne es un estudio dramático en un acto,0.03304573893547058,0.5702205896377563,0.22673924289386319,0.8123061060905457,0.9906750438274359,1.0,0.3740119251923201
Antón Chéjov,2025-12-19T12:36:26.335135,3,La corista es una de sus obras representadas en televisión,-0.047310084104537964,0.6913392543792725,0.2688024643229833,0.79375159740448,0.9631729371884395,1.0,0.32731563082149195
Antón Chéjov,2025-12-19T12:36:26.335135,3,Su estilo dramático se encuentra en el naturalismo con toques de simbolismo,-0.11906884610652924,0.746618390083313,0.2612662159620982,0.7723114490509033,0.7231218051243897,1.0,0.2548955621982753
Antón Chéjov,2025-12-19T12:36:26.335135,2,"Murió en Badenweiler, Imperio alemán, en 1904",0.04929181933403015,0.623602032661438,0.5091077053801362,0.7949684858322144,0.9786921764219407,1.0,0.44155916874582907
Antón Chéjov,2025-12-19T12:36:26.335135,2,"Nació en Taganrog, Imperio ruso, en 1860",0.14967045187950134,0.5416838526725769,0.38493062388206895,0.7628559470176697,0.9786921764219407,1.0,0.4441403462151539
Antón Chéjov,2025-12-19T12:36:26.335135,1,Fue un destacado autor de relatos cortos y obras de teatro,-0.029253095388412476,0.6752662062644958,0.3672184422757528,0.8043866753578186,0.9852021308691331,1.0,0.3701733797377889
Antón Chéjov,2025-12-19T12:36:26.335135,1,Es considerado uno de los más importantes autores del género en la historia de la literatura,-0.025674521923065186,0.7083881497383118,0.3226280228897345,0.8103581070899963,0.8425068728887453,1.0,0.3270668019499218
Charles Dickens,2025-12-19T12:36:45.743177,5,Influenció a novelistas como Thomas Hardy y George Grissing,0.13581879436969757,0.5260743498802185,0.223512571658585,0.7296784520149231,0.9408106349549996,1.0,0.3869686033540991
Charles Dickens,2025-12-19T12:36:45.743177,4,Su novela Tiempos difíciles trata de la clase obrera,0.1357317566871643,0.48857754468917847,0.16103967447678827,0.7356881499290466,0.9408106349549996,1.0,0.38035981843713557
Charles Dickens,2025-12-19T12:36:45.743177,3,Escribió la novela Casa desolada en 1853,0.2094581127166748,0.5166937708854675,0.4322665134648809,0.6667655110359192,0.8921465587798718,1.0,0.45040026622034046
Charles Dickens,2025-12-19T12:36:45.743177,3,Su obra Nuestro amigo mutuo incluye un retrato positivo de un personaje judío,0.01758331060409546,0.5969592332839966,0.24497903579110653,0.6645950078964233,0.8694905172024386,1.0,0.32803543387295553
Charles Dickens,2025-12-19T12:36:45.743177,2,Murió en Gads Hill Place en 1870,0.09170587360858917,0.547315239906311,0.20811401316324316,0.6290222406387329,0.9960943920632005,1.0,0.3603483060744358
Charles Dickens,2025-12-19T12:36:45.743177,2,Nació en Landport en 1812,0.073015496134758,0.6202436089515686,0.5177526013503163,0.8198896050453186,0.9988581921737919,1.0,0.4566679683920877
Charles Dickens,2025-12-19T12:36:45.743177,1,Fue un escritor inglés conocido por sus novelas y personajes,0.23764611780643463,0.5475939512252808,0.7135634690701969,0.829997718334198,0.8873546154592228,1.0,0.5549229409047038
Charles Dickens,2025-12-19T12:36:45.743177,1,Es considerado el mejor novelista de la época victoriana,0.34287041425704956,0.4846429228782654,0.724823279000711,0.6892116665840149,0.6826549789107688,1.0,0.5464081999234063
Immanuel Kant,2025-12-19T12:36:55.919920,5,"Fue bautizado como Emanuel, pero cambió su nombre a Immanuel tras aprender hebreo.",0.0987965315580368,0.6325398683547974,0.457127752904956,0.6863533854484558,0.9437225590044364,1.0,0.4116470640896468
Immanuel Kant,2025-12-19T12:36:55.919920,4,"Su padre era un artesano alemán de Memel, en aquel tiempo la ciudad más al noreste de Prusia.",0.04147504270076752,0.6982665657997131,0.499387294086143,0.7735337615013123,0.9891712910201454,1.0,0.41303698173780434
Immanuel Kant,2025-12-19T12:36:55.919920,3,"Desarrolló pensamientos físicos, geológicos y astronómicos, incluyendo la hipótesis de la formación del sistema solar.",0.11142632365226746,0.6504290699958801,0.7380347308627224,0.7268511652946472,0.09569505558992406,1.0,0.37194889314295965
Immanuel Kant,2025-12-19T12:36:55.919920,3,"Influyó en filósofos como Reinhold, Fichte, Schelling, Hegel y Novalis durante las décadas de 1780 y 1790.",0.23210430145263672,0.5384332537651062,0.5497361547944701,0.8109310269355774,0.8754466418125836,1.0,0.5027683913423735
Immanuel Kant,2025-12-19T12:36:55.919920,2,"Nació en 1724 en el puerto de Königsberg, Prusia, y pasó toda su vida en la región.",-0.10408707708120346,1.2464816570281982,0.4943141712283788,0.7516089081764221,0.9916203104215714,1.0,0.21501672461374471
Immanuel Kant,2025-12-19T12:36:55.919920,2,Creció en un hogar pietista que enfatizaba la devoción religiosa y la humildad personal.,0.08633705228567123,0.6574487686157227,0.5915411761349332,0.7820630669593811,0.7251764430443578,1.0,0.42358106554645175
Immanuel Kant,2025-12-19T12:36:55.919920,1,Fue un filósofo prusiano de la Ilustración y precursor del idealismo alemán.,0.18894517421722412,0.5331817269325256,0.389695034007998,0.7621150612831116,0.9507339939159732,1.0,0.45167038673606535
Immanuel Kant,2025-12-19T12:36:55.919920,1,"Es conocido por sus obras capitales, como la Crítica de la razón pura y la Crítica de la razón práctica.",0.17222999036312103,0.4909874200820923,0.2459491415941894,0.7835913300514221,0.9450077051876088,1.0,0.42022437279234026
Nikola Tesla,2025-12-19T12:38:50.542719,5,Desarrolló un sistema mundial para la transmisión de energía eléctrica sin cables.,0.09104335308074951,0.6174456477165222,0.23082209247042507,0.7918785214424133,0.8765329524347758,1.0,0.3524833377898861
Nikola Tesla,2025-12-19T12:38:50.542719,4,Trabajó en la empresa Continental Edison en el ámbito de la telefonía.,0.09381237626075745,0.6233182549476624,0.37437232276732285,0.6987082958221436,0.8765329524347758,1.0,0.3803648835816456
Nikola Tesla,2025-12-19T12:38:50.542719,3,Construyó uno de los primeros barcos con control remoto inalámbrico.,0.11124533414840698,0.5566204786300659,0.18906476533675695,0.7362313270568848,0.8873546154592228,1.0,0.3555202486894532
Nikola Tesla,2025-12-19T12:38:50.542719,3,Investigó la iluminación inalámbrica y la distribución inalámbrica de energía eléctrica.,0.09853743016719818,0.557656466960907,0.19403097550772005,0.763866662979126,0.22163187115064728,1.0,0.25844463287305264
Nikola Tesla,2025-12-19T12:38:50.542719,2,Se convirtió en ciudadano estadounidense en 1891 a la edad de 35 años.,-0.018824130296707153,0.8393276929855347,0.5211345684303065,0.7653719782829285,0.9852863089864318,1.0,0.36337599754588756
Nikola Tesla,2025-12-19T12:38:50.542719,2,Fue vicepresidente del Instituto Americano de Ingenieros Eléctricos de 1892 a 1894.,0.0371750146150589,0.7133411169052124,0.3232334230248368,0.7679672837257385,0.7231218051243897,1.0,0.31406607289444727
Nikola Tesla,2025-12-19T12:38:50.542719,1,Es célebre por sus contribuciones al diseño del moderno suministro de electricidad de corriente alterna.,0.08841613680124283,0.5848998427391052,0.14372432871322066,0.7734720706939697,0.6350631226869504,1.0,0.29661086408055015
Nikola Tesla,2025-12-19T12:38:50.542719,1,Obtuvo más de 280 patentes en 26 países.,-0.008699923753738403,0.7772767543792725,0.2396739243030486,0.6434465050697327,0.9940476556591286,1.0,0.28260329406100465
René Descartes,2025-12-19T12:39:02.371540,5,Su pensamiento se aproximó a la pintura de Poussin por su estilo claro y ordenado.,-0.017901256680488586,0.7136005759239197,0.5342992968802771,0.7511756420135498,0.9278417790281236,1.0,0.3944819896554604
René Descartes,2025-12-19T12:39:02.371540,4,"Escribió una parte de sus obras en latín y la otra en francés, su idioma nativo.",0.05361683666706085,0.6002056002616882,0.26132634260493887,0.7826384902000427,0.9936441279216154,1.0,0.37550199579315213
René Descartes,2025-12-19T12:39:02.371540,3,Desarrolló la teoría del mecanicismo en ciencias y la geometría analítica en matemática.,-0.007992789149284363,0.7454723715782166,0.4154433919576519,0.8156207799911499,0.5125742712080189,1.0,0.29862201825730705
René Descartes,2025-12-19T12:39:02.371540,3,Publicó el Discurso del método para dirigir bien la razón y hallar la verdad en las ciencias en 1637.,0.07510414719581604,0.5824101567268372,0.2652447833924832,0.7566288709640503,0.9744375720984616,1.0,0.3795311838982338
René Descartes,2025-12-19T12:39:02.371540,2,Rompió con la tradición aristotélica estableciendo un dualismo sustancial entre alma y cuerpo.,0.04814007878303528,0.6020503044128418,0.2679213584776886,0.7824145555496216,0.5125742712080189,1.0,0.3036376604600555
René Descartes,2025-12-19T12:39:02.371540,2,Su influencia estuvo presente durante todo el siglo XVII en la filosofía y la teología.,-0.029026076197624207,0.7607707977294922,0.33648270456630225,0.7734242081642151,0.89604197061498,1.0,0.3173282918240361
René Descartes,2025-12-19T12:39:02.371540,1,Es considerado el creador de la geometría analítica y del mecanicismo.,-0.005794420838356018,0.6610214114189148,0.30014216163338475,0.7637884616851807,0.7161891603115427,1.0,0.31257399164675886
René Descartes,2025-12-19T12:39:02.371540,1,Fue un filósofo y matemático que revolucionó la forma de pensar en la época moderna.,-0.03103959560394287,0.6977322101593018,0.48087376838417545,0.7856847643852234,0.852456608932224,1.0,0.37445575769705186
Platón,2025-12-19T12:39:33.038586,5,Sus obras están escritas en forma de diálogos con Sócrates como figura principal.,0.3420976996421814,0.5580774545669556,0.9152183254856052,0.7536910772323608,0.9135680130753615,1.0,0.6256506647501895
Platón,2025-12-19T12:39:33.038586,4,"Intentó implementar su teoría política en Siracusa, Sicilia, pero fracasó en dos ocasiones.",0.09555892646312714,0.5754424333572388,0.272801011335729,0.7083669900894165,0.3986170425281061,1.0,0.29436696804914925
Platón,2025-12-19T12:39:33.038586,3,"Desarrolló la teoría de las formas o ideas, considerando el mundo sensible como una sombra de otro más real.",0.21376246213912964,0.49033409357070923,0.3704851979395914,0.79952073097229,0.9652748063332858,1.0,0.47151715433432695
Platón,2025-12-19T12:39:33.038586,3,Fue considerado uno de los fundadores de la filosofía política con la idea de la ciudad justa gobernada por filósofos reyes.,0.2655993700027466,0.5310217142105103,0.6228898924417607,0.7902219891548157,0.7783860515709711,1.0,0.515971541029373
Platón,2025-12-19T12:39:33.038586,2,"Murió a los 80 años de edad, dedicándose a impartir enseñanzas en la Academia de su ciudad natal.",0.0451415590941906,0.6914345622062683,0.2489714448757288,0.7925673127174377,0.960125743109485,1.0,0.33919334365501463
Platón,2025-12-19T12:39:33.038586,2,"Su influencia en la historia de la filosofía occidental ha sido incalculable, según Alfred North Whitehead.",0.20423686504364014,0.4742788076400757,0.27685003967569294,0.7479607462882996,0.716466254371648,1.0,0.4012827942085214
Platón,2025-12-19T12:39:33.038586,1,Es conocido por desarrollar doctrinas filosóficas mediante mitos y alegorías.,0.2682463526725769,0.5016489624977112,0.5280320964748484,0.819179892539978,0.17711750961868472,1.0,0.4110088195613398
Platón,2025-12-19T12:39:33.038586,1,"Es considerado uno de los más importantes filósofos de la historia, con una influencia duradera en la filosofía occidental.",0.2378748655319214,0.5039809346199036,0.45789217548398803,0.788324236869812,0.6184187715719105,1.0,0.4447597981219841
